Tipo di attività,Data,Preferita,Titolo,Distanza,Calorie,Tempo,FC Media,FC max,TE aerobico,Cadenza di corsa media,Cadenza di corsa max,Passo medio,Passo migliore,Ascesa totale,Discesa totale,Lunghezza media passo,Rapporto verticale medio,Oscillazione verticale media,Tempo medio di contatto con il suolo,Bilanciamento TCS medio,Training Stress Score®,Passi,Temperatura min,Decompressione,Tempo Lap migliore,Numero di Lap,Temperatura max,Tempo in movimento,Tempo trascorso,Quota minima,Quota massima
Corsa,2026-02-09 19:11:24,false,"Latina - Test 5 km","5.01","280","00:18:27","174","184","3.1","186","192","3:41","3:26","4","4","1.46","6.0","9.1","228","50.6% S / 49.4% D","0.0","3,392","18.0","No","00:00:01.5","6","20.0","00:18:21","00:18:27","16","23"
Corsa,2026-02-07 09:30:33,false,"Latina - 15L","15.01","994","01:10:06","164","176","4.2","179","185","4:40","4:14","42","43","1.20","7.8","9.6","244","50.3% S / 49.7% D","0.0","12,444","18.0","No","00:00:02.0","16","26.0","01:09:56","01:10:06","-4","24"
Corsa,2026-02-06 18:04:04,false,"Latina - 3L 3x(1L 1M 1TR)","12.01","804","00:54:07","169","189","4.3","177","190","4:30","3:47","28","35","1.25","7.8","9.9","249","49.8% S / 50.2% D","0.0","9,502","18.0","No","00:00:01.8","13","22.0","00:54:01","00:54:07","-1","24"
Corsa,2026-02-04 17:44:03,false,"Latina - 3x2km RM + Rec 2","6.82","417","00:29:14","172","187","3.4","172","185","4:17","3:37","26","31","1.34","7.1","9.6","255","50.6% S / 49.4% D","0.0","4,974","17.0","No","00:00:00.9","10","18.0","00:29:08","00:29:16","15","24"
Corsa,2026-02-01 09:31:04,false,"Maratona Maga Circe - 29K","29.14","2,009","02:22:31","169","190","5.0","176","191","4:53","3:59","100","95","1.16","8.3","9.8","248","50.4% S / 49.6% D","0.0","24,844","16.0","No","00:00:35.5","30","25.0","02:22:18","02:22:31","-5","21"
Corsa,2026-01-31 12:54:41,false,"Latina - 20' L","4.08","277","00:20:01","158","171","2.8","171","176","4:54","4:29","5","2","1.20","--","--","--","--","0.0","3,408","18.0","No","00:00:01.2","6","23.0","00:19:59","00:20:01","18","24"
Corsa,2026-01-30 15:27:28,false,"Latina - 30' L","6.00","398","00:29:19","156","167","3.1","172","178","4:53","4:30","8","9","1.19","--","--","--","--","0.0","5,034","17.0","No","00:00:00.8","7","21.0","00:29:17","00:29:19","18","24"
Corsa,2026-01-28 17:50:46,false,"Latina - 5x1km RM + Rec 1","5.37","337","00:26:59","152","185","2.9","144","191","5:01","3:36","14","15","1.32","--","--","--","--","0.0","3,942","16.0","No","00:00:02.1","11","19.0","00:23:29","00:26:59","23","33"
Corsa,2026-01-26 19:01:16,false,"Latina - 6x[0.85L 0.15All","6.00","372","00:27:13","162","177","3.2","172","186","4:32","3:43","5","6","1.28","--","--","--","--","0.0","4,660","15.0","No","00:00:01.5","13","22.0","00:27:10","00:27:13","28","34"
Corsa,2026-01-24 12:19:39,false,"Latina - 15L 4M","19.01","1,281","01:34:00","163","184","4.5","176","189","4:57","4:02","46","49","1.15","--","--","--","--","0.0","16,486","21.0","No","00:00:01.3","20","27.0","01:33:53","01:34:00","4","33"
Corsa,2026-01-23 12:09:22,false,"Latina - 6L + 3M + 2TR +","12.01","772","00:55:45","163","190","4.2","176","191","4:39","3:43","16","18","1.22","--","--","--","--","0.0","9,778","18.0","No","00:00:01.3","13","25.0","00:55:38","00:55:45","19","30"
Corsa,2026-01-21 19:16:12,false,"Latina - 3x2km RM + Rec L","6.92","430","00:30:10","171","190","3.6","178","196","4:22","3:47","16","15","1.28","--","--","--","--","0.0","5,364","15.0","No","00:00:00.4","10","20.0","00:30:04","00:30:10","40","47"
Corsa,2026-01-20 18:35:18,false,"Latina - 13x[0.85L 0.15Al","13.01","813","00:59:32","165","189","4.4","176","188","4:35","3:39","36","34","1.24","--","--","--","--","0.0","10,438","14.0","No","00:00:00.9","27","24.0","00:59:28","00:59:32","1","26"
Corsa,2026-01-18 10:22:46,false,"Latina - 1h20' L","16.22","1,140","01:20:01","168","183","4.7","176","185","4:56","4:30","43","42","1.15","--","--","--","--","0.0","14,038","20.0","No","00:00:01.5","18","27.0","01:19:57","01:20:01","-2","25"
Corsa,2026-01-16 17:53:17,false,"Latina - 8L+4M + 2TR","13.01","811","01:02:38","158","177","3.6","174","190","4:49","3:50","36","35","1.19","--","--","--","--","0.0","10,882","15.0","No","00:00:00.9","16","22.0","01:02:31","01:02:38","1","26"
Corsa,2026-01-14 18:48:57,false,"Latina - 5x1600m RM + Rec","7.68","504","00:34:03","174","188","4.0","177","226","4:26","3:41","17","20","1.26","7.2","9.1","254","50.4% S / 49.6% D","0.0","5,920","17.0","No","00:00:00.8","15","22.0","00:33:21","00:34:03","18","26"
Corsa,2026-01-12 18:25:55,false,"Latina - 13x[0.85L 0.15Al","13.00","855","01:00:03","170","184","4.7","177","191","4:37","3:07","38","39","1.22","7.8","9.8","253","49.9% S / 50.1% D","0.0","10,478","14.0","No","00:00:01.4","27","23.0","00:59:56","01:00:03","6","26"
Corsa,2026-01-11 18:22:31,false,"Latina - 8L 4M","12.00","801","00:55:19","168","188","4.7","177","186","4:36","3:59","29","37","1.22","7.7","9.7","256","49.9% S / 50.1% D","0.0","9,696","13.0","No","00:00:00.7","13","23.0","00:55:16","00:55:19","-1","25"
Corsa,2026-01-07 18:29:09,false,"Latina - 12x[0.85L 0.15Al","12.00","692","00:55:21","155","170","3.3","175","195","4:37","3:34","33","34","1.24","--","--","--","--","0.0","9,682","9.0","No","00:00:01.1","25","22.0","00:55:17","00:55:21","--","26"
Corsa,2026-01-03 10:26:47,false,"Latina - 10 km L","10.01","685","00:47:42","168","177","4.0","175","183","4:46","4:26","26","24","1.20","--","--","--","--","0.0","8,328","19.0","No","00:00:02.1","11","26.0","00:47:40","00:47:42","14","34"
Corsa,2026-01-02 17:55:25,false,"Latina - Test 5 km","5.01","237","00:19:46","144","158","2.3","184","194","3:57","3:35","9","8","1.38","--","--","--","--","0.0","3,618","17.0","No","00:00:01.5","6","20.0","00:19:45","00:19:46","17","24"
Corsa,2026-01-01 16:44:48,false,"Latina - 6 km L","6.01","405","00:30:15","156","175","3.1","171","180","5:02","4:28","19","18","1.16","--","--","--","--","0.0","5,190","13.0","No","00:00:01.0","7","20.0","00:30:14","00:30:15","18","27"
Corsa,2025-12-29 19:00:32,false,"Latina - 6x[0.85L 0.15All","6.00","375","00:25:55","170","188","3.4","176","188","4:19","3:38","7","7","1.32","--","--","--","--","0.0","4,516","17.0","No","00:00:00.5","13","22.0","00:25:53","00:25:55","30","35"
Corsa,2025-12-27 10:15:02,false,"Latina - 50' L","5.33","368","00:30:02","150","164","2.7","158","180","5:38","4:12","12","13","1.11","--","--","--","--","0.0","4,800","18.0","No","00:00:02.1","13","23.0","00:30:00","00:30:02","26","33"
Corsa,2025-12-26 10:37:12,false,"Latina Corsa","8.01","552","00:39:54","160","175","3.5","173","229","4:59","4:29","14","12","1.16","--","--","--","--","0.0","6,888","21.0","No","00:00:01.7","9","24.0","00:39:53","00:39:54","27","36"
Corsa,2025-12-22 18:04:25,false,"Latina - 6x[0.85L 0.15All","6.00","362","00:26:31","160","179","3.2","176","189","4:25","3:31","4","4","1.29","--","--","--","--","0.0","4,636","21.0","No","00:00:01.2","13","26.0","00:26:28","00:26:31","29","35"
Corsa,2025-12-21 11:19:17,false,"Latina - 15 km L","15.00","1,069","01:13:00","168","181","4.7","177","186","4:52","4:22","44","37","1.16","8.1","9.6","248","49.6% S / 50.4% D","0.0","54","22.0","No","00:00:00.5","16","25.0","01:12:57","01:13:00","11","41"
Corsa,2025-12-19 18:41:34,false,"Latina - 6 km L","6.01","399","00:28:48","157","170","3.1","174","188","4:48","4:07","8","5","1.20","--","--","--","--","0.0","5,004","18.0","No","00:00:01.9","7","26.0","00:28:44","00:28:48","21","27"
Corsa,2025-12-14 09:33:20,false,"Normissima","9.15","684","00:44:02","175","189","4.2","174","208","4:49","3:34","215","218","1.19","--","--","--","--","0.0","7,736","18.0","No","00:00:38.7","10","23.0","00:43:57","00:44:02","385","494"
Corsa,2025-12-13 10:19:04,false,"Latina - 13 km L","13.00","918","01:02:56","163","178","4.1","177","187","4:50","4:20","42","40","1.17","--","--","--","--","0.0","11,122","18.0","No","00:00:01.4","14","25.0","01:02:37","01:03:56","-2","24"
Corsa,2025-12-12 17:41:30,false,"Latina - 3x(1km L + 1km M","9.01","608","00:39:27","169","187","3.9","180","192","4:23","3:42","15","14","1.27","7.3","9.6","244","49.7% S / 50.3% D","0.0","7,008","16.0","No","00:00:01.5","10","23.0","00:39:22","00:39:27","23","36"
Corsa,2025-12-10 18:47:40,false,"Latina - 4×1600m TR rec","7.68","456","00:31:52","165","182","3.4","177","187","4:09","3:29","19","22","1.35","7.1","9.6","255","50.0% S / 50.0% D","0.0","5,546","16.0","No","00:00:00.6","13","18.0","00:31:49","00:31:52","17","26"
Corsa,2025-12-08 10:11:42,false,"Latina - 9x[0.85L 0.15All","9.02","598","00:42:28","162","179","3.6","176","190","4:43","3:38","25","27","1.20","7.7","9.4","252","49.2% S / 50.8% D","0.0","7,388","20.0","No","00:00:03.5","19","23.0","00:42:24","00:42:28","1","24"
Corsa,2025-12-07 09:02:57,false,"Latina Corsa","9.73","606","00:39:39","176","185","4.1","186","194","4:04","3:50","5","7","1.32","6.5","8.8","232","49.4% S / 50.6% D","0.0","7,298","15.0","No","00:02:54.7","10","20.0","00:39:38","00:39:39","16","21"
Corsa,2025-12-06 11:38:50,false,"Latina - 30' L","5.45","367","00:27:36","152","166","3.0","173","178","5:04","4:38","12","8","1.14","--","--","--","--","0.0","4,748","20.0","No","00:02:16.2","6","24.0","00:27:35","00:27:36","18","28"
Corsa,2025-12-05 19:30:32,false,"Latina - 4L 2M","6.01","400","00:27:54","163","179","3.2","176","183","4:39","4:15","8","6","1.21","7.6","9.5","254","49.2% S / 50.8% D","0.0","4,866","16.0","No","00:00:01.2","7","24.0","00:27:49","00:27:54","31","37"
Corsa,2025-12-03 19:34:22,false,"Latina - 5x1km TR rec 2'","5.41","383","00:29:18","160","188","3.1","154","206","5:25","3:24","14","11","1.17","6.1","7.6","264","50.1% S / 49.9% D","0.0","4,346","14.0","No","00:00:02.1","11","17.0","00:22:41","00:29:18","23","31"
Corsa,2025-12-01 18:59:44,false,"Latina - 6x[0.85L 0.15All","6.01","382","00:27:24","163","179","3.2","174","191","4:34","3:47","7","3","1.25","7.8","10.0","256","49.6% S / 50.4% D","0.0","4,706","17.0","No","00:00:01.5","13","22.0","00:27:19","00:27:24","21","26"
Corsa,2025-11-29 11:05:02,false,"Latina - 16 km L","16.01","1,062","01:18:32","160","178","3.7","175","186","4:54","3:46","33","32","1.16","8.1","9.6","254","49.8% S / 50.2% D","0.0","13,580","18.0","No","00:00:01.3","17","26.0","01:18:25","01:18:32","17","34"
Corsa,2025-11-28 12:17:46,false,"Latina - 6L 2M","8.00","537","00:37:06","165","181","3.6","177","184","4:38","3:49","13","11","1.22","7.6","9.5","251","50.2% S / 49.8% D","0.0","6,496","20.0","No","00:00:00.9","9","26.0","00:37:02","00:37:06","17","29"
Corsa,2025-11-26 19:00:03,false,"Latina - 5x1km TR rec 1'3","5.32","391","00:27:04","168","188","3.3","160","240","5:05","3:32","19","19","1.19","6.1","7.8","262","51.0% S / 49.0% D","0.0","4,176","15.0","No","00:00:01.7","11","18.0","00:22:31","00:27:04","48","56"
Corsa,2025-11-24 18:12:47,false,"Latina - 9 km D.A.","9.01","592","00:40:45","167","183","3.8","177","213","4:31","2:58","23","25","1.25","7.6","9.8","250","50.1% S / 49.9% D","0.0","7,072","19.0","No","00:00:07.1","19","25.0","00:40:35","00:40:45","4","24"
Corsa,2025-11-22 12:39:44,false,"Latina - 13 km L","13.01","862","01:06:16","154","163","3.2","175","182","5:06","3:50","28","26","1.12","7.9","9.1","259","50.1% S / 49.9% D","0.0","11,458","17.0","No","00:00:01.3","14","24.0","01:06:15","01:06:16","18","35"
Corsa,2025-11-21 12:33:42,false,"Latina - Test 5 km","5.01","293","00:19:40","170","182","3.1","186","194","3:56","3:31","9","7","1.38","6.1","8.7","229","50.0% S / 50.0% D","0.0","3,612","19.0","No","00:00:01.3","6","24.0","00:19:36","00:19:40","16","24"
Corsa,2025-11-19 18:34:26,false,"Latina - 30' L","5.36","358","00:25:50","157","176","3.1","173","194","4:49","3:05","7","5","1.19","8.2","10.0","258","49.6% S / 50.4% D","0.0","4,410","17.0","No","00:01:36.9","6","23.0","00:25:46","00:25:50","21","25"
Corsa,2025-11-17 18:21:06,false,"Latina - 8 km D.A.","8.00","519","00:36:09","165","179","3.6","177","191","4:31","3:32","12","12","1.25","7.6","9.8","253","49.5% S / 50.5% D","0.0","6,286","20.0","No","00:00:01.5","17","24.0","00:36:04","00:36:09","13","24"
Corsa,2025-11-15 11:15:25,false,"Latina - 12 km L","12.00","794","00:56:58","160","172","3.7","177","182","4:45","4:12","29","24","1.19","7.6","9.3","248","49.7% S / 50.3% D","0.0","9,982","25.0","No","00:00:00.8","13","28.0","00:56:54","00:56:58","19","34"
Corsa,2025-11-14 16:26:46,false,"Latina - 6L 2M","8.01","516","00:36:51","160","173","3.4","178","185","4:36","3:55","12","13","1.22","7.3","9.1","250","49.8% S / 50.2% D","0.0","44","18.0","No","00:00:01.3","9","24.0","00:36:47","00:36:51","16","27"
Corsa,2025-11-12 18:17:33,false,"Latina - 4×2km rec 2'","8.26","558","00:41:17","163","183","3.4","162","236","5:00","3:33","6","10","1.24","6.9","8.8","254","49.8% S / 50.2% D","0.0","6,482","18.0","No","00:00:00.5","13","22.0","00:35:36","00:41:17","15","24"
Corsa,2025-11-10 18:01:30,false,"Latina - 7 km D.A.","7.01","409","00:31:38","162","175","3.2","177","188","4:31","3:50","7","12","1.24","7.4","9.4","252","49.7% S / 50.3% D","0.0","5,506","20.0","No","00:00:01.3","15","24.0","00:31:32","00:31:38","11","24"
Corsa,2025-11-09 09:32:34,false,"Mezza maratona di Sabaudia - 10k","9.62","608","00:41:27","171","183","3.9","184","195","4:18","3:43","54","53","1.27","7.0","9.1","235","49.8% S / 50.2% D","0.0","7,496","22.0","No","00:02:24.9","10","25.0","00:41:24","00:41:27","20","38"
Corsa,2025-11-08 10:16:38,false,"Latina - 30' L","5.20","341","00:25:39","155","164","2.9","176","181","4:56","4:23","6","6","1.15","8.2","9.7","254","49.9% S / 50.1% D","0.0","4,462","23.0","No","00:01:04.9","6","27.0","00:25:37","00:25:39","19","28"
Corsa,2025-11-07 15:53:36,false,"Latina - 4L 2M","6.01","387","00:27:47","163","175","3.2","176","185","4:37","4:08","10","11","1.23","7.7","9.7","251","49.8% S / 50.2% D","0.0","4,838","22.0","No","00:00:01.2","7","26.0","00:27:44","00:27:47","19","25"
Corsa,2025-11-05 18:49:55,false,"Latina - 5x1km TR rec 2'","5.36","377","00:30:24","160","183","3.1","150","245","5:40","3:25","12","12","1.14","6.4","7.7","266","50.4% S / 49.6% D","0.0","4,358","20.0","No","00:00:00.4","11","25.0","00:23:58","00:30:24","39","45"
Corsa,2025-11-03 16:31:10,false,"Latina - 7 km D.A. Easy","7.01","439","00:33:58","158","175","3.2","172","189","4:51","3:42","13","16","1.19","7.9","9.7","259","49.7% S / 50.3% D","0.0","5,760","22.0","No","00:00:01.3","15","29.0","00:33:53","00:33:58","17","30"
Corsa,2025-11-01 11:56:11,false,"Latina - 12 km L","12.01","820","00:59:09","166","180","4.3","176","180","4:56","4:27","25","22","1.15","7.9","9.3","250","49.9% S / 50.1% D","0.0","10,314","26.0","No","00:00:01.6","13","32.0","00:59:04","00:59:09","18","34"
Corsa,2025-10-31 16:36:43,false,"Latina - 3x(1kmL 1kmM 1km","9.01","585","00:41:02","171","185","4.0","177","183","4:33","3:57","13","16","1.24","7.3","9.3","251","49.8% S / 50.2% D","0.0","7,180","24.0","No","00:00:03.5","10","26.0","00:40:56","00:41:02","16","30"
Corsa,2025-10-29 18:58:35,false,"Latina - 4x1600m M","6.68","464","00:35:37","167","184","3.5","154","210","5:20","3:29","16","17","1.19","6.8","8.6","266","50.1% S / 49.9% D","0.0","5,340","21.0","No","00:00:01.8","13","25.0","00:30:07","00:35:37","21","31"
Corsa,2025-10-27 18:25:50,false,"Latina - 8 km D.A.","8.01","506","00:37:52","165","178","3.7","173","185","4:44","3:55","9","8","1.22","7.8","9.8","259","49.9% S / 50.1% D","0.0","6,464","20.0","No","00:00:02.2","17","25.0","00:37:46","00:37:52","18","26"
Corsa,2025-10-25 11:33:06,false,"Latina - 11 km L","11.01","739","00:53:09","169","182","4.5","177","184","4:50","4:22","18","17","1.17","7.6","9.1","251","50.1% S / 49.9% D","0.0","9,292","22.0","No","00:00:01.4","12","28.0","00:53:07","00:53:09","19","30"
Corsa,2025-10-24 18:19:25,false,"Latina - 4L 2M","6.01","348","00:27:27","160","181","3.3","173","180","4:34","4:05","11","11","1.27","--","--","--","--","0.0","4,730","22.0","No","00:00:01.1","7","28.0","00:27:26","00:27:27","17","24"
Corsa,2025-10-22 19:02:21,false,"Latina - 5x1km TR","5.42","356","00:30:58","151","181","3.0","134","185","5:43","3:44","6","9","1.22","--","--","--","--","0.0","4,308","23.0","No","00:00:01.7","11","26.0","00:25:22","00:30:58","23","32"
Corsa,2025-10-20 18:46:03,false,"Latina - 7 km D.A.","7.00","431","00:33:05","167","183","3.8","171","179","4:43","4:10","7","6","1.24","--","--","--","--","0.0","5,622","22.0","No","00:00:01.0","15","25.0","00:33:02","00:33:05","28","37"
Corsa,2025-10-18 10:56:11,false,"Latina - 10 km L","10.01","638","00:49:55","164","190","4.3","172","181","4:59","4:34","12","12","1.17","--","--","--","--","0.0","8,534","26.0","No","00:00:01.6","11","29.0","00:49:51","00:49:55","26","33"
Corsa,2025-10-17 17:36:14,false,"Latina - 4L 2M","6.01","368","00:27:41","171","183","3.8","175","182","4:36","4:00","6","6","1.24","--","--","--","--","0.0","4,830","23.0","No","00:00:01.5","7","28.0","00:27:40","00:27:41","19","26"
Corsa,2025-10-15 18:40:27,false,"Latina - 10x400m TR + Rec","4.58","357","00:30:47","156","186","3.4","106","216","6:43","3:18","21","24","1.28","--","--","--","--","0.0","3,604","23.0","No","00:00:00.9","21","25.0","00:22:03","00:30:47","28","34"
Corsa,2025-10-13 19:22:58,false,"Latina - 7 km D.A.","7.01","426","00:32:12","172","189","4.2","174","187","4:36","3:58","7","6","1.25","--","--","--","--","0.0","5,568","23.0","No","00:00:01.5","15","27.0","00:32:06","00:32:12","29","35"
Corsa,2025-10-09 18:56:47,false,"Latina - 4L 2M","6.01","375","00:28:53","167","190","3.9","170","183","4:48","4:06","9","10","1.22","--","--","--","--","0.0","4,910","22.0","No","00:00:01.5","7","26.0","00:28:50","00:28:53","26","33"
Corsa,2025-10-07 19:28:11,false,"Latina - 6 km D.A. easy","5.00","322","00:23:52","172","189","3.8","171","189","4:46","3:37","8","8","1.23","--","--","--","--","0.0","4,050","20.0","No","00:00:01.4","11","26.0","00:23:46","00:23:53","-2","8"
Corsa,2025-10-03 18:22:09,false,"Latina - 6 km D.A. easy","6.00","395","00:33:38","159","180","3.4","156","182","5:36","4:11","15","13","1.12","--","--","--","--","0.0","5,336","19.0","No","00:00:01.2","13","27.0","00:33:32","00:33:38","26","36"
Corsa,2025-09-29 18:45:50,false,"Latina - 6 km D.A. easy","6.01","381","00:28:02","173","188","4.1","173","189","4:40","3:48","7","9","1.24","--","--","--","--","0.0","4,798","24.0","No","00:00:02.6","13","27.0","00:27:54","00:28:02","27","34"
Corsa,2025-09-24 19:00:01,false,"Latina - 4L 2M","6.01","314","00:28:51","146","160","2.8","172","181","4:48","4:18","6","7","1.21","--","--","--","--","0.0","4,930","22.0","No","00:00:01.7","7","28.0","00:28:46","00:28:51","28","35"
Corsa,2025-09-22 18:43:50,false,"Latina - 6 km D.A. easy","6.00","367","00:34:04","150","173","3.0","152","189","5:41","3:00","12","13","1.14","--","--","--","--","0.0","5,376","25.0","No","00:00:01.3","13","29.0","00:34:00","00:34:04","27","35"
Corsa,2025-09-17 18:37:53,false,"Latina - 6 km D.A. easy","6.01","366","00:28:21","168","193","3.9","173","189","4:43","3:34","9","11","1.22","--","--","--","--","0.0","4,874","27.0","No","00:00:01.7","13","30.0","00:28:16","00:28:21","26","35"
Corsa,2025-09-09 18:30:29,false,"Latina - 4L 2M","6.00","391","00:28:01","174","194","4.2","172","185","4:40","4:07","12","11","1.24","--","--","--","--","0.0","4,816","28.0","No","00:00:00.5","7","30.0","00:27:59","00:28:01","27","35"
Corsa,2025-09-01 19:15:55,false,"Latina - 6 km D.A. easy","5.00","316","00:26:11","158","178","3.2","158","181","5:14","3:58","6","5","1.19","--","--","--","--","0.0","4,208","27.0","No","00:00:01.0","11","30.0","00:26:05","00:26:11","29","35"
Corsa,2025-08-25 18:50:15,false,"Latina - 6 km D.A. easy","6.01","392","00:33:29","158","191","3.5","147","191","5:35","3:31","13","12","1.18","--","--","--","--","0.0","5,102","28.0","No","00:00:01.2","13","32.0","00:31:44","00:33:29","27","34"
Corsa,2025-08-14 19:01:10,false,"Latina Corsa","5.00","326","00:27:49","152","172","3.2","164","170","5:34","4:47","5","6","1.09","--","--","--","--","0.0","4,560","30.0","No","00:05:01.2","5","33.0","00:27:48","00:27:49","43","50"
Corsa,2025-08-13 19:30:57,false,"Latina Corsa","6.01","421","00:32:32","161","184","3.7","164","174","5:25","4:58","10","7","1.13","--","--","--","--","0.0","5,358","29.0","No","00:00:01.2","7","33.0","00:32:26","00:32:32","17","25"
Corsa,2025-07-23 18:42:40,false,"Latina - 6 km D.A. easy","6.01","282","00:28:28","139","149","2.3","170","183","4:44","4:00","11","9","1.23","--","--","--","--","0.0","4,872","28.0","No","00:00:01.2","13","32.0","00:28:24","00:28:28","29","36"
Corsa,2025-07-14 18:51:55,false,"Latina - 6 km D.A. easy","6.00","367","00:28:01","168","184","3.7","173","187","4:40","3:53","5","5","1.24","--","--","--","--","0.0","4,808","31.0","No","00:00:00.5","13","33.0","00:27:54","00:28:01","28","35"
Corsa,2025-07-10 18:31:03,false,"Latina - 8x600m TR rec 1'","4.53","291","00:23:42","162","185","3.3","141","192","5:14","3:13","13","13","1.31","--","--","--","--","0.0","3,434","28.0","No","00:00:02.1","15","32.0","00:21:03","00:23:42","25","36"
Corsa,2025-07-07 18:48:43,false,"Latina - 6 km D.A. easy","6.03","365","00:28:35","167","182","3.7","172","187","4:44","3:51","10","11","1.23","--","--","--","--","0.0","4,888","31.0","No","00:00:01.4","14","32.0","00:28:32","00:28:35","27","34"
Corsa,2025-07-05 09:43:10,false,"Latina - 8 L + 1 M + 1 TR","4.48","311","00:24:40","161","175","3.4","166","175","5:30","4:54","6","7","1.09","--","--","--","--","0.0","4,102","31.0","No","00:02:39.7","5","35.0","00:24:34","00:24:40","27","33"
Corsa,2025-07-04 18:18:27,false,"Latina - Progressivo","5.29","330","00:27:18","162","184","3.4","163","184","5:10","3:47","14","14","1.18","--","--","--","--","0.0","4,472","32.0","No","00:00:00.8","8","35.0","00:27:13","00:27:18","27","35"
Corsa,2025-07-02 18:22:11,false,"Latina - 10x400m TR rec 1","4.72","322","00:26:13","166","187","3.6","141","189","5:33","3:25","13","14","1.19","--","--","--","--","0.0","3,842","33.0","No","00:00:01.3","21","34.0","00:26:03","00:26:13","45","51"
Corsa,2025-06-30 19:03:27,false,"Latina - 6 km (3 low + 3","6.00","384","00:29:12","171","190","4.1","169","177","4:52","4:25","8","9","1.22","--","--","--","--","0.0","4,938","31.0","No","00:00:00.9","7","33.0","00:29:08","00:29:12","47","54"
Corsa,2025-06-26 18:55:59,false,"Latina Corsa","5.00","324","00:26:07","161","176","3.5","169","176","5:13","4:23","9","9","1.14","--","--","--","--","0.0","4,400","30.0","No","00:05:05.9","5","35.0","00:26:03","00:26:07","61","68"
Corsa,2025-06-18 19:19:43,false,"Latina - 6x800m TR + Rec","5.19","359","00:29:02","167","188","3.7","131","187","5:35","3:40","23","29","1.37","--","--","--","--","0.0","3,976","29.0","No","00:00:01.7","13","31.0","00:24:14","00:29:02","37","50"
Corsa,2025-06-16 19:06:20,false,"Latina - 6 km D.A. easy","6.01","338","00:27:17","163","191","3.8","172","211","4:32","3:31","6","9","1.28","--","--","--","--","0.0","4,660","29.0","No","00:00:02.7","13","32.0","00:27:13","00:27:17","29","37"
Corsa,2025-06-12 18:32:13,false,"Latina - 6 km D.A. easy","6.01","376","00:31:33","162","188","3.6","156","189","5:15","3:35","8","13","1.21","--","--","--","--","0.0","5,114","30.0","No","00:00:02.1","13","32.0","00:31:30","00:31:33","42","50"
Corsa,2025-06-02 10:09:28,false,"Latina - 9 km D.A.","9.01","578","00:50:17","165","189","4.1","162","185","5:35","3:48","11","11","1.08","8.1","8.9","259","49.8% S / 50.2% D","0.0","8,008","28.0","No","00:00:02.1","19","33.0","00:50:13","00:50:17","43","51"
Corsa,2025-05-31 09:49:50,false,"Latina - 15x(1'L 1'TR)","3.62","240","00:20:03","169","185","3.3","157","193","5:33","3:13","6","7","1.10","7.5","8.2","261","50.3% S / 49.7% D","0.0","3,062","29.0","No","00:00:03.1","21","32.0","00:20:02","00:20:03","37","45"
Corsa,2025-05-30 18:32:22,false,"Latina - 6 km D.A. easy","6.00","406","00:30:20","181","195","4.6","170","187","5:03","4:12","15","14","1.21","7.9","9.7","261","50.1% S / 49.9% D","0.0","5,090","27.0","No","00:00:00.9","13","29.0","00:30:18","00:30:20","28","35"
Corsa,2025-05-28 18:32:10,false,"Latina - 8x(4'L 1'LG)","7.61","522","00:40:02","177","191","4.9","169","178","5:16","4:17","18","18","1.12","8.9","10.1","267","50.0% S / 50.0% D","0.0","6,662","26.0","No","00:00:02.3","17","29.0","00:40:00","00:40:02","-11","-2"
Corsa,2025-05-07 18:15:06,false,"Latina Corsa","5.50","364","00:27:11","177","189","4.2","170","183","4:57","4:23","10","11","1.19","--","--","--","--","0.0","4,596","23.0","No","00:02:35.5","6","27.0","00:27:09","00:27:11","25","33"
Corsa,2025-01-24 16:47:30,false,"Latina Corsa","5.01","286","00:25:00","154","180","3.2","171","181","4:59","4:35","7","8","1.17","--","--","--","--","0.0","4,268","19.0","No","00:00:02.5","6","24.0","00:24:58","00:25:00","27","36"
Corsa,2025-01-19 10:43:07,false,"Latina Corsa","5.01","316","00:25:47","163","179","3.5","172","180","5:09","4:32","5","6","1.13","--","--","--","--","0.0","4,432","19.0","No","00:00:01.9","6","23.0","00:25:46","00:25:47","30","37"
Corsa,2025-01-13 12:27:01,false,"Latina Corsa","5.01","308","00:23:57","171","189","3.8","174","180","4:47","4:30","6","4","1.20","--","--","--","--","0.0","4,166","16.0","No","00:00:01.7","6","22.0","00:23:56","00:23:57","20","28"
Corsa,2025-01-10 08:19:52,false,"Latina Corsa","5.15","358","00:27:47","167","186","3.8","173","182","5:24","4:33","6","6","1.07","--","--","--","--","0.0","4,806","16.0","No","00:00:45.0","6","24.0","00:27:46","00:27:47","67","75"
