"Title","WorkoutType","WorkoutDescription","PlannedDuration","PlannedDistanceInMeters","WorkoutDay","CoachComments","DistanceInMeters","PowerAverage","PowerMax","Energy","AthleteComments","TimeTotalInHours","VelocityAverage","VelocityMax","CadenceAverage","CadenceMax","HeartRateAverage","HeartRateMax","TorqueAverage","TorqueMax","IF","TSS","HRZone1Minutes","HRZone2Minutes","HRZone3Minutes","HRZone4Minutes","HRZone5Minutes","HRZone6Minutes","HRZone7Minutes","HRZone8Minutes","HRZone9Minutes","HRZone10Minutes","PWRZone1Minutes","PWRZone2Minutes","PWRZone3Minutes","PWRZone4Minutes","PWRZone5Minutes","PWRZone6Minutes","PWRZone7Minutes","PWRZone8Minutes","PWRZone9Minutes","PWRZone10Minutes","Rpe","Feeling"
"8x(4'L+1'LG)","Run","","0.666666666666667","","2025-05-28","","7613.4501953125","329","454","790.281","","0.667318880558014","3.16899991035461","","169","","177","191","","","1.2723418193544","106.83","0","0","0","2","1","4","33","","","","0","0","0","6","5","29","","","","","",""
"6 km D.A. easy","Run","Andare facile senza forzare","0.47","6000","2025-05-30","","6002.43017578125","335","415","610.307","","0.505497515201569","3.29800009727478","","170","","181","195","","","1.30318540241108","84.51","0","0","0","1","0","1","27","","","","1","0","0","0","2","27","","","","","",""
"15x(1'L+1'TR)","Run","","0.5","6930","2025-05-31","","3617.31005859375","293","526","352.613","","0.334188342094421","3.00699996948242","","157","","169","185","","","1.33700783675203","58.36","0","0","1","3","1","3","11","","","","7","1","0","0","1","11","","","","","",""
"Running","Run","","","","2025-06-02","","9009.7802734375","298","450","899.509","","0.838119983673096","2.98600006103516","","162","","165","189","","","1.26131968224192","132.16","1","5","3","6","4","8","24","","","","11","0","0","0","1","37","","","","","",""
"6 km D.A. easy","Run","Andare facile senza forzare","0.47","6000","2025-06-12","","6010.75","","","","","0.525762498378754","3.17600011825562","","156","","162","188","","","0.761517212247395","33.26","0","2","2","4","5","14","5","","","","","","","","","","","","","","",""
"5km M","Run","","0.4775","5500","2025-06-14","","","","","","","","","","","","","","","","","","","","","","","","","","","","","","","","","","","","","","",""
"6 km D.A. easy","Run","","0.47","6000","2025-06-16","","6007.81005859375","","","","","0.454765021800995","3.67000007629395","","172","","163","191","","","0.880802940783445","38.32","1","6","3","1","1","0","14","","","","","","","","","","","","","","",""
"6x800m TR + Rec","Run","","0.476666666666667","4800","2025-06-18","","5193.830078125","","","","","0.483858615159988","2.98200011253357","","131","","167","188","","","0.844315975103914","37.53","0","3","1","3","1","4","17","","","","","","","","","","","","","","",""
"5 km molto easy","Run","","0.427222222222222","5000","2025-06-26","","4998.93994140625","","","","","0.43536165356636","3.19000005722046","","168","","161","176","","","0.767644396981556","27.87","2","1","0","3","2","6","11","","","","","","","","","","","","","","",""
"6 km (3 low + 3 moderate)","Run","","0.488888888888889","6000","2025-06-30","","6003.56982421875","","","","","0.486681371927261","3.42700004577637","","169","","171","190","","","0.821937682722476","35.79","1","1","0","3","2","8","15","","","","","","","","","","","","","","",""
"10x400m TR rec 1'","Run","","0.422222222222222","4000","2025-07-02","","4723.2998046875","","","","","0.437072515487671","3.00200009346008","","141","","166","187","","","0.730264195664833","25.3","0","1","1","4","2","4","13","","","","","","","","","","","","","","",""
"Progressivo","Run","","0.588333333333333","8000","2025-07-04","","5288.35986328125","","","","","0.455011665821075","3.2279999256134","","162","","162","184","","","0.772728183972745","29.51","2","2","1","4","3","4","11","","","","","","","","","","","","","","",""
"8 L + 1 M + 1 TR","Run","","0.855","10000","2025-07-05","","4483.47998046875","","","","","0.411044180393219","3.02999997138977","","166","","161","175","","","0.75494853286057","25.37","0","1","1","5","6","10","2","","","","","","","","","","","","","","",""
"6 km D.A. easy","Run","","0.47","6000","2025-07-07","","6031.72998046875","","","","","0.476402223110199","3.51699995994568","","172","","167","182","","","0.876298028193955","39.78","1","1","0","3","0","12","12","","","","","","","","","","","","","","",""
"8x600m TR rec 1'","Run","","0.46","4800","2025-07-10","","4528.75","","","","","0.394922494888306","3.18499994277954","","141","","162","185","","","0.862218845533819","31.78","3","1","1","3","2","3","12","","","","","","","","","","","","","","",""
"6 km D.A. easy","Run","","0.47","6000","2025-07-14","","6003.330078125","","","","","0.467040002346039","3.57100009918213","","173","","168","184","","","0.892250308875486","40.43","1","1","0","1","1","3","20","","","","","","","","","","","","","","",""
"6 km D.A. easy","Run","","0.47","6000","2025-07-23","","6005.35986328125","","","","","0.474580019712448","3.51500010490417","","170","","139","149","","","0.879004663829223","39.86","1","21","7","0","0","0","0","","","","","","","","","","","","","","",""
"Running","Run","","","","2025-08-13","","6005.330078125","","","","","0.542178869247437","3.07699990272522","","164","","161","184","","","0.767160204154957","34.91","0","3","2","6","5","12","5","","","","","","","","","","","","","","",""
"Running","Run","","","","2025-08-14","","4999.8701171875","","","","","0.463720560073853","2.99499988555908","","164","","152","172","","","0.748932012760261","28.26","0","4","3","15","2","2","0","","","","","","","","","","","","","","",""
"6 km D.A. easy","Run","","0.47","6000","2025-08-25","","6006.06982421875","","","","","0.558087766170502","2.98900008201599","","147","","158","191","","","0.788591396818936","37.89","2","5","2","6","2","8","10","","","","","","","","","","","","","","",""
"6 km D.A. easy","Run","","0.47","6000","2025-09-01","","5002.58984375","","","","","0.436447203159332","3.18400001525879","","158","","158","178","","","0.795559771588835","29.99","1","3","1","4","6","6","5","","","","","","","","","","","","","","",""
"4L+2M","Run","","0.485555555555556","6000","2025-09-09","","6002.6201171875","","","","","0.466814696788788","3.57200002670288","","172","","174","194","","","0.896211477331972","40.74","1","1","0","1","1","3","21","","","","","","","","","","","","","","",""
"6 km D.A. easy","Run","","0.47","6000","2025-09-17","","6007.7001953125","","","","","0.472481966018677","3.53200006484985","","173","","168","193","","","0.882416303660261","40.02","3","3","0","0","0","1","21","","","","","","","","","","","","","","",""
"6 km D.A. easy","Run","","0.47","6000","2025-09-22","","6002.009765625","","","","","0.567809998989105","2.93600010871887","","152","","150","173","","","0.73421518814042","33.43","2","7","2","13","3","5","1","","","","","","","","","","","","","","",""
"4L+2M","Run","","0.485555555555556","6000","2025-09-24","","6007.91015625","","","","","0.48079776763916","3.47099995613098","","172","","146","160","","","0.868195109284682","39.4","0","7","11","10","0","0","0","","","","","","","","","","","","","","",""
"6 km D.A. easy","Run","","0.47","6000","2025-09-29","","6009.75","","","","","0.46725195646286","3.57299995422363","","172","","173","188","","","0.893244649227111","40.52","1","2","0","0","1","2","22","","","","","","","","","","","","","","",""
"6x800m TR + Rec","Run","","0.49","4800","2025-10-01","","","","","","","","","","","","","","","","","","","","","","","","","","","","","","","","","","","","","","",""
"6 km D.A. easy","Run","","0.47","6000","2025-10-03","","6002.330078125","","","","","0.560485541820526","2.97499990463257","","156","","159","180","","","0.743929112310686","33.86","1","4","2","7","3","6","10","","","","","","","","","","","","","","",""
"6 km D.A. easy","Run","Andare facile senza forzare","0.49","6000","2025-10-07","","5002.52001953125","","","","","0.397860288619995","3.49300003051758","","171","","172","189","","","0.873467930775347","32.9","0","2","1","0","0","0","20","","","","","","","","","","","","","","",""
"4L+2M","Run","","0.485555555555556","6000","2025-10-09","","6010.990234375","","","","","0.481513321399689","3.46799993515015","","170","","167","190","","","0.869853264089575","39.62","2","2","0","0","3","8","14","","","","","","","","","","","","","","",""
"7 km D.A.","Run","Andare facile senza forzare","0.571666666666667","7000","2025-10-13","","7007.72021484375","","","","","0.536611914634705","3.62800002098083","","174","","172","189","","","0.907256630611529","48.15","0","2","1","1","1","2","25","","","","","","","","","","","","","","",""
"10x400m TR + Rec","Run","","0.533333333333333","4000","2025-10-15","","4578.9501953125","","","","","0.513123333454132","2.47900009155273","","106","","156","186","","","0.834314371647906","38.91","1","5","3","7","5","4","5","","","","","","","","","","","","","","",""
"4L+2M","Run","","0.485555555555556","6000","2025-10-17","","6007.58984375","","","","","0.461407244205475","3.61700010299683","","175","","171","183","","","0.904212800082781","40.99","1","0","0","1","1","4","21","","","","","","","","","","","","","","",""
"10 km L","Run","","0.830833333333333","10000","2025-10-18","","10008.9501953125","","","","","0.832006096839905","3.34200000762939","","172","","164","190","","","0.835404857704556","64.02","0","0","0","9","17","13","9","","","","","","","","","","","","","","",""
"7 km D.A.","Run","Andare facile senza forzare","0.571666666666667","7000","2025-10-20","","7003.77978515625","","","","","0.551329731941223","3.52900004386902","","171","","167","183","","","0.882016345738464","46.82","1","1","1","3","2","8","19","","","","","","","","","","","","","","",""
"5x1km TR","Run","","0.520833333333333","5890","2025-10-22","","5418.56982421875","","","","","0.516213059425354","2.91599988937378","","134","","151","181","","","0.846600678089376","40.31","2","5","4","12","5","2","1","","","","","","","","","","","","","","",""
"4L+2M","Run","","0.485555555555556","6000","2025-10-24","","6005.4501953125","","","","","0.45742666721344","3.6470000743866","","173","","160","181","","","0.91157410372078","41.3","0","4","3","5","1","4","11","","","","","","","","","","","","","","",""
"11 km L","Run","","0.913333333333333","11000","2025-10-25","","11006.2998046875","355","472","1132.12","","0.885858356952667","3.45099997520447","","177","","169","182","","","1.3548901460429","161.04","0","1","1","5","2","13","32","","","","0","0","0","0","0","53","","","","","",""
"8 km D.A.","Run","Andare facile senza forzare","0.646666666666667","8000","2025-10-27","","8012.83984375","368","479","835.946","","0.631213903427124","3.52600002288818","","173","","165","178","","","1.40689521829514","123.32","1","1","1","2","4","19","10","","","","0","0","0","0","0","38","","","","","",""
"4x1600m M","Run","","0.611111111111111","6400","2025-10-29","","6675.89013671875","327","556","698.198","","0.593740582466125","3.12299990653992","","154","","167","184","","","1.45906772912474","124.74","1","3","1","3","1","5","21","","","","8","0","0","0","0","28","","","","","",""
"3x(1kmL+1kmM+1kmTR)","Run","","0.671666666666667","9000","2025-10-31","","9014.8798828125","373","453","918.936","","0.683872222900391","3.66199994087219","","177","","171","185","","","1.42379351666774","136.89","0","0","0","1","2","10","27","","","","0","0","0","0","0","41","","","","","",""
"12 km L","Run","","0.996111111111111","12000","2025-11-01","","12008.5703125","343","403","1218.984","","0.985868871212006","3.3840000629425","","176","","166","180","","","1.30805643374836","167.29","0","1","0","5","9","22","21","","","","0","0","0","0","1","58","","","","","",""
"7 km D.A. Easy","Run","Andare facile senza forzare","0.596944444444444","7000","2025-11-03","","7006.66015625","353","492","720.18","","0.566189467906952","3.43799996376038","","172","","158","175","","","1.34841985308094","101.57","1","1","2","11","12","7","0","","","","0","0","0","0","0","34","","","","","",""
"5x1km TR rec 2'","Run","","0.513888888888889","5000","2025-11-05","","5361.56982421875","304","527","553.911","","0.506750822067261","2.93899989128113","","150","","160","183","","","1.49558046569366","111.43","3","4","1","2","1","3","16","","","","10","0","0","0","0","20","","","","","",""
"4L+2M","Run","","0.485555555555556","6000","2025-11-07","","6005.830078125","378","480","630.079","","0.462944716215134","3.60400009155273","","176","","163","175","","","1.44275603738661","94.54","1","1","0","5","3","11","7","","","","0","0","0","0","0","28","","","","","",""
"30' L","Run","","0.5","","2025-11-08","","5201.16015625","353","425","544.248","","0.427576929330826","3.37899994850159","","176","","155","164","","","1.34878827029593","76.41","1","1","3","12","9","0","0","","","","0","0","0","0","0","26","","","","","",""
"Mezza Maratona di Sabuadia - 10k","Run","","","","2025-11-09","","9622.8203125","395","663","983.737","","0.690719187259674","3.86999988555908","","184","","171","183","","","1.51513975328325","156.49","0","0","0","1","0","12","28","","","","0","0","0","0","0","41","","","","","",""
"7 km D.A.","Run","Andare facile senza forzare","0.565833333333333","7000","2025-11-10","","7005.39013671875","381","513","723.102","","0.527148902416229","3.69099998474121","","177","","162","175","","","1.46079268953979","110.73","1","1","1","4","4","15","6","","","","0","0","0","0","0","31","","","","","",""
"4×2km rec 2'","Run","","0.731111111111111","8000","2025-11-12","","8257.1201171875","344","501","852.72","","0.688059449195862","3.33299994468689","","162","","163","183","","","1.48317782612072","149.62","3","3","1","5","4","5","22","","","","7","0","0","0","0","34","","","","","",""
"6L+2M","Run","","0.652777777777778","8000","2025-11-14","","8007.18017578125","370","486","819.858","","0.614120304584503","3.62199997901917","","178","","160","173","","","1.42693491437037","123.32","0","1","2","12","6","12","5","","","","0","0","0","0","0","36","","","","","",""
"12 km L","Run","","0.968888888888889","12000","2025-11-15","","12003.169921875","358","472","1223.539","","0.949449479579926","3.51200008392334","","177","","160","172","","","1.3644149934623","175.28","1","1","2","14","18","20","2","","","","0","0","0","0","0","56","","","","","",""
"8 km D.A.","Run","Andare facile senza forzare","0.646666666666667","8000","2025-11-17","","8004.5","387","507","839.45","","0.602533638477325","3.69000005722046","","177","","165","179","","","1.47888181942508","130.03","1","1","1","4","1","14","13","","","","0","0","0","0","0","36","","","","","",""
"30' L","Run","","0.5","","2025-11-19","","5361.5400390625","365","555","566.603","","0.43058305978775","3.45900011062622","","173","","157","176","","","1.39251004282513","81.87","1","0","2","4","8","9","1","","","","0","0","0","0","0","26","","","","","",""
"Test 5 km","Run","","0.330555555555556","5000","2025-11-21","","5007.3798828125","429","494","505.76","","0.327703356742859","4.24499988555908","","186","","170","182","","","1.63856082115704","85.78","1","1","0","1","0","2","15","","","","0","0","0","0","0","20","","","","","",""
"13 km L","Run","","1.08777777777778","13000","2025-11-22","","13005.3203125","332","474","1322","","1.10455918312073","3.27099990844727","","175","","154","163","","","1.26785154165222","176","1","1","4","54","6","0","0","","","","0","0","0","0","7","58","","","","","",""
"9x[0.85L+0.15All]","Run","","0.71","9000","2025-11-24","","9008.5400390625","401","559","980.63","","0.679070293903351","3.68499994277954","","177","","167","183","","","1.53760831210852","158.51","1","0","0","3","4","13","19","","","","0","0","0","0","0","40","","","","","",""
"5x1km TR rec 1'30""","Run","","0.451388888888889","5000","2025-11-26","","5324.9599609375","345","544","560.264","","0.451214730739594","3.27800011634827","","160","","168","188","","","1.60031642456007","113.57","1","3","1","2","1","2","17","","","","7","0","0","0","0","20","","","","","",""
"6L+2M","Run","","0.626944444444444","8000","2025-11-28","","8004.43017578125","371","480","826.654","","0.618396699428558","3.59599995613098","","177","","165","181","","","1.41696315500781","122.64","1","1","1","3","2","21","9","","","","0","0","0","0","0","37","","","","","",""
"16 km L","Run","","1.3675","16000","2025-11-29","","16007.6396484375","352","503","1660.329","","1.30883610248566","3.3970000743866","","175","","160","178","","","1.34181294053952","234.28","0","1","3","11","42","21","1","","","","0","0","0","0","1","78","","","","","",""
"6x[0.85L+0.15All]","Run","","0.495","6000","2025-12-01","","6009.06982421875","388","525","638.071","","0.456716954708099","3.65499997138977","","174","","163","179","","","1.48365609329663","98.7","1","1","1","4","2","12","8","","","","0","0","0","0","0","27","","","","","",""
"5x1km TR rec 2'","Run","","0.493055555555556","5000","2025-12-03","","5407.3798828125","324","535","569.542","","0.488266140222549","3.07599997520447","","154","","160","188","","","1.59462643414321","122.01","4","4","2","3","1","2","14","","","","10","0","0","0","0","19","","","","","",""
"4L+2M","Run","","0.485555555555556","6000","2025-12-05","","6008.240234375","375","456","627.843","","0.464891403913498","3.58999991416931","","176","","163","179","","","1.4346760492648","94.03","1","1","1","4","5","8","8","","","","0","0","0","0","0","28","","","","","","3"
"30' L","Run","","0.5","","2025-12-06","","5450.1298828125","","","","","0.46003332734108","3.29099988937378","","173","","152","166","","","0.789873896059783","31.18","2","2","2","10","9","2","0","","","","","","","","","","","","","","",""
"Running","Run","","","","2025-12-07","","9734.580078125","413","484","984.689","","0.660868585109711","4.09200000762939","","186","","176","185","","","1.57701171902961","162.51","0","0","0","0","0","2","37","","","","0","0","0","0","0","40","","","","","",""
"9x[0.85L+0.15All]","Run","","0.71","9000","2025-12-08","","9017.5498046875","366","543","932.578","","0.707777261734009","3.53900003433228","","176","","162","179","","","1.39747014097843","136.88","0","1","1","8","11","15","5","","","","0","0","0","0","0","42","","","","","",""
"4×1600m TR rec 2' L","Run","","0.551111111111111","7720","2025-12-10","","7682.27978515625","426","570","815.043","","0.531048059463501","4.01800012588501","","177","","165","182","","","1.70076819079092","151.2","1","3","2","4","2","4","17","","","","0","0","0","3","4","24","","","","","",""
"3x(1km L + 1km M + 1km TR)","Run","","0.685","9000","2025-12-12","","9009.1904296875","398","530","943.357","","0.657615005970001","3.8050000667572","","180","","169","187","","","1.5268000632018","151.63","1","0","1","6","1","6","25","","","","0","0","0","0","0","39","","","","","",""
"13 km L","Run","","1.11111111111111","13000","2025-12-13","","13002.48046875","","","","","1.0487517118454","3.44400000572205","","177","","163","178","","","0.827680278565402","79.67","1","4","3","4","5","32","14","","","","","","","","","","","","","","",""
"Running","Run","","","","2025-12-14","","9145.8896484375","","","","","0.733793318271637","3.46199989318848","","174","","175","189","","","0.876936428114948","62.01","1","0","0","0","0","2","41","","","","","","","","","","","","","","",""
"6 km L","Run","","0.512777777777778","6000","2025-12-19","","6008.52978515625","","","","","0.479950278997421","3.4779999256134","","174","","157","170","","","0.835001244028662","36.38","1","3","0","10","6","9","0","","","","","","","","","","","","","","",""
"15 km L","Run","","1.28194444444444","15000","2025-12-21","","15001.919921875","359","471","1572.78","","1.21667778491974","3.42499995231628","","177","","168","181","","","1.37777679899861","229.25","1","2","2","2","4","11","50","","","","0","0","0","0","2","70","","","","","",""
"6x[0.85L+0.15All]","Run","","0.458333333333333","6000","2025-12-22","","6004.240234375","","","","","0.441966652870178","3.7739999294281","","176","","160","179","","","0.905730770741672","39.35","2","3","0","0","2","14","6","","","","","","","","","","","","","","",""
"10x400m TR + Rec","Run","","0.427777777777778","4000","2025-12-24","","","","","","","","","","","","","","","","","","","","","","","","","","","","","","","","","","","","","","",""
"8 km L","Run","","0.683888888888889","8000","2025-12-26","","8008","","","","","0.665094494819641","3.34500002861023","","173","","160","175","","","0.804825977817954","47.23","1","7","1","1","2","18","10","","","","","","","","","","","","","","",""
"50' L","Run","","0.833333333333333","8730","2025-12-27","","5331.240234375","","","","","0.500583589076996","2.95799994468689","","158","","150","164","","","0.707277032786568","27.26","1","6","5","12","6","0","0","","","","","","","","","","","","","","",""
"6x[0.85L+0.15All]","Run","","0.458333333333333","6000","2025-12-29","","6002.58984375","","","","","0.431826382875443","3.86100006103516","","176","","170","188","","","0.927017736485566","40.24","1","0","0","2","1","4","18","","","","","","","","","","","","","","",""
"6 km L","Run","","0.512777777777778","6000","2026-01-01","","6005.43994140625","","","","","0.504068851470947","3.30900001525879","","171","","156","175","","","0.789873568355014","34.33","1","1","1","16","7","2","2","","","","","","","","","","","","","","",""
"Test 5 km","Run","","0.330555555555556","5000","2026-01-02","","5008.18017578125","","","","","0.329488039016724","4.22200012207031","","184","","144","158","","","1.01745120433327","36.75","0","9","5","6","0","0","0","","","","","","","","","","","","","","",""
"10 km L","Run","","0.854722222222222","10000","2026-01-03","","10009.849609375","","","","","0.795100569725037","3.49699997901917","","175","","168","177","","","0.838095367788276","61.51","1","1","1","5","2","12","27","","","","","","","","","","","","","","",""
"12x[0.85L+0.15All]","Run","","0.916666666666667","12000","2026-01-07","","12004.5400390625","","","","","0.922563910484314","3.61400008201599","","175","","155","170","","","0.866815461728789","76.65","1","5","5","26","13","6","0","","","","","","","","","","","","","","",""
"8L+4M","Run","","0.983611111111111","12000","2026-01-11","","12004.990234375","380","497","1262.984","","0.921884417533875","3.61700010299683","","177","","168","188","","","1.45624833451901","193.81","1","1","0","9","4","13","26","","","","0","0","0","0","0","55","","","","","",""
"13x[0.85L+0.15All]","Run","","1.03638888888889","13000","2026-01-12","","13004.76953125","379","598","1364.824","","1.00076520442963","3.60999989509583","","177","","170","184","","","1.44806056202604","208.26","0","0","0","2","3","17","36","","","","0","0","0","0","0","60","","","","","",""
"5x1600m RM + Rec LG","Run","","0.616666666666667","8850","2026-01-14","","7676.56982421875","396","519","809.292","","0.567613065242767","3.75699996948242","","177","","174","188","","","1.58743571136568","140.88","1","1","2","2","1","2","26","","","","2","0","0","1","1","30","","","","","",""
"8L+4M + 2TR","Run","","1.12055555555556","14000","2026-01-16","","13012.08984375","","","","","1.04397141933441","3.46199989318848","","174","","158","177","","","0.830784056824962","79.9","0","2","4","26","17","9","4","","","","","","","","","","","","","","",""
"1h20' L","Run","","1.33333333333333","15600","2026-01-18","","16219.599609375","","","","","1.33373725414276","3.37800002098083","","176","","168","183","","","0.81021831239882","97.68","0","1","0","3","2","39","35","","","","","","","","","","","","","","",""
"13x[0.85L+0.15All]","Run","","1.02555555555556","13000","2026-01-20","","13006.2998046875","","","","","0.992224752902985","3.64100003242493","","176","","165","189","","","0.875416245625948","84.22","3","3","1","7","8","12","26","","","","","","","","","","","","","","",""
"3x2km RM + Rec LG","Run","","0.508333333333333","7020","2026-01-21","","6916.39990234375","","","","","0.50281947851181","3.82100009918213","","178","","171","190","","","0.914966648539789","45.83","0","1","3","4","0","3","20","","","","","","","","","","","","","","",""
"6L + 3M + 2TR + 1VR","Run","","0.937222222222222","12000","2026-01-23","","12008.5498046875","","","","","0.929070830345154","3.58999991416931","","176","","163","190","","","0.861810990768756","76.29","1","5","1","16","9","5","19","","","","","","","","","","","","","","",""
"15L+4M","Run","","1.585","19000","2026-01-24","","19009.2890625","","","","","1.5666024684906","3.37100005149841","","176","","163","184","","","0.80892486870917","114.85","0","3","2","14","41","16","19","","","","","","","","","","","","","","",""
"6x[0.85L+0.15All]","Run","","0.483333333333333","6000","2026-01-26","","6003.85986328125","","","","","0.453659147024155","3.67600011825562","","172","","162","177","","","0.882274076656848","38.35","0","1","0","6","4","10","5","","","","","","","","","","","","","","",""
"5x1km RM + Rec 1'30""","Run","","0.451388888888889","6275","2026-01-28","","5372.7998046875","","","","","0.449606657028198","3.31900000572205","","144","","152","185","","","0.922771956997084","41.56","1","7","3","5","2","3","6","","","","","","","","","","","","","","",""
"30' L","Run","","0.5","5850","2026-01-30","","6003.2099609375","","","","","0.488731950521469","3.41199994087219","","172","","156","167","","","0.819027624006906","35.66","0","2","1","11","14","1","0","","","","","","","","","","","","","","",""
"20' L","Run","","0.333333333333333","3900","2026-01-31","","4083.2099609375","","","","","0.333678901195526","3.3989999294281","","171","","158","171","","","0.815798160388607","23.93","1","1","1","4","9","6","0","","","","","","","","","","","","","","",""
"Running","Run","","","","2026-02-01","","29142.240234375","","","","","2.37521266937256","3.40799999237061","","176","","169","190","","","0.820327011984218","180.94","0","0","1","5","14","65","57","","","","","","","","","","","","","","",""
"3x2km RM + Rec 2'","Run","","0.508333333333333","7005","2026-02-04","","6821.7099609375","410","519","718.89","","0.487149178981781","3.89000010490417","","172","","172","187","","","1.64971535520711","130.6","0","1","1","2","1","3","21","","","","1","0","1","1","2","24","","","","","",""
"3L+3x(1L+1M+1TR)","Run","","0.910833333333333","12000","2026-02-06","","12011.009765625","393","498","1278.591","","0.901890277862549","3.69899988174438","","177","","169","189","","","1.51100976860591","203.89","0","1","1","9","8","4","31","","","","0","0","0","0","0","54","","","","","",""
"15L","Run","","1.28194444444444","15000","2026-02-07","","15009.8095703125","371","490","1562.148","","1.16832935810089","3.56900000572205","","179","","164","176","","","1.41660631266054","233.17","1","1","3","7","13","21","24","","","","0","0","0","0","0","70","","","","","",""
"Test 5 km","Run","","0.3175","5000","2026-02-09","","5010.39013671875","463","531","512.577","","0.307521134614944","4.52600002288818","","186","","174","184","","","1.76638138818989","93.52","0","0","0","0","0","2","15","","","","0","0","0","0","0","18","","","","","",""
"3x4km RM + Rec 2'","Run","","0.8825","13050","2026-02-11","","11570.75","385","530","1210.138","","0.871625006198883","3.68700003623962","","175","","172","184","","","1.56171957781894","210.77","0","3","1","3","2","5","38","","","","5","0","0","0","1","45","","","","","",""
"6kmL+3kmM+2kmTR+1KmVR","Run","","0.8825","12000","2026-02-13","","12005.1298828125","395","526","1256.81","","0.882355034351349","3.77900004386902","","180","","167","190","","","1.51927783045491","201.99","1","0","0","8","11","9","24","","","","0","0","0","0","0","53","","","","","",""
"12L+6M","Run","","1.41833333333333","18000","2026-02-15","","18006.029296875","372","478","1876.25","","1.40095663070679","3.5699999332428","","179","","166","184","","","1.42317741939264","281.88","0","1","1","14","12","31","26","","","","0","0","0","0","0","83","","","","","",""
